Cluster,Income,Age,Customer_Days,Recency,MntTotal,MntWines,MntMeatProducts,MntFishProducts,MntFruits,MntSweetProducts,MntGoldProds,NumDealsPurchases,NumWebPurchases,NumCatalogPurchases,NumStorePurchases,NumWebVisitsMonth,Kidhome,Teenhome
0,29480.6,41.54174757281553,2504.242718446602,49.03495145631068,85.9495145631068,34.84660194174757,28.14757281553398,9.790291262135922,6.438834951456311,6.72621359223301,18.514563106796118,1.9514563106796117,2.3145631067961165,0.5359223300970873,3.141747572815534,6.994174757281553,0.8660194174757282,0.013592233009708738
1,76198.462,51.588,2516.764,49.62,1331.172,621.582,464.642,101.63,70.164,73.154,75.966,1.25,5.144,6.024,8.396,2.824,0.036,0.162
2,59151.9513618677,55.25875486381323,2572.338521400778,47.340466926070036,729.0252918287938,497.1167315175097,148.32684824902725,33.83463035019455,24.702334630350194,25.044747081712064,66.13618677042801,3.651750972762646,6.607003891050583,3.3035019455252916,8.04669260700389,5.6400778210116735,0.19066147859922178,0.8910505836575876
3,42223.794715447155,56.33536585365854,2450.6524390243903,49.577235772357724,111.48170731707317,71.47560975609755,25.508130081300813,5.587398373983739,4.4471544715447155,4.463414634146342,14.74390243902439,2.4430894308943087,2.3516260162601625,0.7296747967479674,3.6280487804878048,5.853658536585366,0.6788617886178862,0.983739837398374
